"EmpID,Name,Account_type,Salary "
"8763934,Glady Victorian,officer,5020.40"
"8763935,Mariana Brashier,officer,7723.23"
"8763936,Joya Mcguirk,officer,9354.09"
"8763937,Cory Mccurry,officer,3633.10"
"8763938,Leonarda Ormand,worker,734.40"
"8763939,Gus Chambers,contractor,4667.00"
"8763940,Brice Morgan,contractor,7061.00"
"8763941,Alesha Salido,contractor,3586.00"
"8763942,Loura Baver,contractor,2899.00"
"8763943,Guillermina Barret,contractor,6373.00"
"8763944,Eli Roses,contractor,3743.00"
"8763945,Mabelle Mcbee,officer,3516.00"
"8763946,Sylvester Brasil,officer,3421.00"
"8763947,Anastasia Fitting,officer,9953.00"
"8763948,Phillip Skipworth,administrator,4630.00"
"8763949,Evelyne Hayne,officer,5345.00"
"8763950,Lula Forsgren,officer,5919.00"
"8763951,Inger Cephas,officer,3421.00"
"8763952,Berta Bibby,officer,7188.00"
"8763953,Domenic Pigram,officer,1884.00"
"8763954,Shizuko Jelks,contractor,6969.00"
"8763955,Cassy Getty,officer,9671.00"
"8763956,Jonell Rice,officer,2424.00"
"8763957,Keshia Seidell,officer,5356.00"
"8763958,Janis Portera,officer,7064.00"
"8763959,Jonathon Sweigart,officer,6596.00"
"8763960,Tatum Moldenhauer,officer,743.00"
"8763961,Lizzie Garrido,officer,5123.00"
"8763962,Cherelle Mcdow,administrator,4000.00"
"8763963,Kym Poovey,officer,4187.00"
"8763964,Ciara Bosley,officer,7407.00"
"8763965,Emilia Neilson,officer,9480.00"
"8763966,Leana Massingale,officer,1909.00"
"8763967,Justa Hirschman,officer,6761.00"
"8763968,Nella Gilden,officer,3112.00"
"8763969,Stefany Feinstein,officer,2143.00"
"8763970,Shandra Gangi,officer,1428.00"
"8763971,Carla Upright,administrator,9674.00"
"8763972,Trena Stump,officer,5230.00"
"8763973,Wesley Pop,officer,3828.00"
"8763974,Billy Haskins,officer,6047.00"
"8763975,Shelba Sulton,administrator,8473.00"
"8763976,Reiko Monaco,administrator,6844.00"
"8763977,Beryl Righter,officer,8968.00"
"8763978,Kassie Harsh,officer,8426.00"
"8763979,Jacquelynn Raab,officer,1473.00"
"8763980,Margo Castello,officer,4313.00"
"8763981,Elenor Maser,officer,4344.00"
"8763982,Jayson Cregan,officer,4395.00"
"8763983,Joe Dilley,officer,4599.00"